n_train_used,n_val_used,train_time_s,val_time_s,f1_macro,balanced_accuracy,f1_class_0,f1_class_1,f1_class_2,f1_class_3,f1_class_4,f1_class_5,f1_class_6,f1_class_7,f1_class_8,f1_class_9,f1_class_10,f1_class_11,model,fold,n_train,wall_s
1000,26373,0.18,0.03,0.5477,0.5431,0.0265,0.3307,0.7213,0.6459,0.4597,0.5735,0.5655,0.7731,0.9084,0.7332,0.7042,0.1304,linear,0,1000,0.5
2695,26373,3.59,0.04,0.5994,0.588,0.0276,0.4174,0.733,0.6978,0.4931,0.619,0.5872,0.8004,0.924,0.7803,0.7291,0.3846,linear,0,2695,3.9
7263,26373,5.32,0.03,0.6351,0.6228,0.0265,0.5045,0.7536,0.7094,0.5204,0.641,0.5828,0.8125,0.9233,0.7976,0.7439,0.6061,linear,0,7263,5.6
19572,26373,9.61,0.02,0.6414,0.6254,0.028,0.527,0.7585,0.7146,0.5268,0.6455,0.5962,0.8178,0.9233,0.8123,0.7434,0.6032,linear,0,19572,9.8
52746,26373,21.79,0.02,0.6468,0.6306,0.0432,0.5346,0.7653,0.7154,0.5376,0.6464,0.6065,0.8207,0.9281,0.8138,0.7464,0.6032,linear,0,52746,22.0
1000,26373,0.18,0.02,0.5538,0.5433,0.0263,0.4779,0.72,0.6728,0.4218,0.5409,0.5467,0.7637,0.9045,0.7082,0.6734,0.1895,linear,1,1000,0.4
2695,26373,5.23,0.03,0.6194,0.6095,0.0963,0.3807,0.7409,0.7031,0.4612,0.5872,0.5853,0.7907,0.913,0.7644,0.7124,0.6974,linear,1,2695,5.5
7263,26373,9.58,0.04,0.6328,0.6297,0.0745,0.444,0.7562,0.7122,0.4895,0.601,0.6032,0.8045,0.9176,0.7743,0.7291,0.6879,linear,1,7263,9.9
19572,26373,16.11,0.04,0.6446,0.6397,0.0276,0.5509,0.7663,0.7155,0.5243,0.6237,0.6087,0.8093,0.9221,0.7807,0.7433,0.6623,linear,1,19572,16.4
52746,26373,21.65,0.01,0.6479,0.642,0.0272,0.5466,0.7702,0.7151,0.5254,0.6162,0.6081,0.8106,0.9202,0.788,0.7418,0.7059,linear,1,52746,21.8
1000,26373,0.13,0.02,0.5721,0.5555,0.0896,0.3389,0.7251,0.6672,0.3966,0.6146,0.5307,0.7654,0.8973,0.7588,0.7137,0.3673,linear,2,1000,0.4
2695,26373,2.37,0.02,0.6055,0.5954,0.0637,0.3631,0.739,0.6878,0.443,0.6448,0.5907,0.7919,0.9112,0.7835,0.7382,0.5091,linear,2,2695,2.6
7263,26373,6.28,0.03,0.6306,0.6164,0.0938,0.4387,0.7531,0.7006,0.4466,0.6566,0.6185,0.8042,0.9153,0.8082,0.7457,0.5862,linear,2,7263,6.5
19572,26373,8.95,0.03,0.6423,0.6313,0.0367,0.5091,0.7604,0.7085,0.4739,0.6631,0.6165,0.8135,0.919,0.8129,0.7506,0.6441,linear,2,19572,9.2
52746,26373,20.24,0.02,0.6518,0.6429,0.0714,0.5076,0.7648,0.7094,0.4829,0.6642,0.623,0.8099,0.9144,0.8167,0.7585,0.6984,linear,2,52746,20.4
1000,26373,2.69,0.15,0.5286,0.5225,0.0649,0.3653,0.6898,0.642,0.3938,0.554,0.4953,0.7749,0.9134,0.7211,0.6811,0.0476,xgboost,0,1000,3.1
2695,26373,3.99,0.14,0.5726,0.5612,0.0694,0.4192,0.7073,0.6669,0.433,0.5885,0.5302,0.7967,0.9169,0.7578,0.7103,0.2745,xgboost,0,2695,4.4
7263,26373,5.88,0.17,0.6025,0.5884,0.0426,0.4501,0.735,0.6886,0.4749,0.6224,0.559,0.8184,0.9205,0.7761,0.7271,0.4151,xgboost,0,7263,6.4
19572,26373,7.89,0.17,0.6272,0.6105,0.0735,0.5185,0.7555,0.6929,0.5213,0.6353,0.5979,0.8306,0.9283,0.8098,0.7337,0.4286,xgboost,0,19572,8.5
52746,26373,10.16,0.19,0.6293,0.6128,0.0426,0.5178,0.7672,0.7074,0.5317,0.6549,0.6076,0.8426,0.9366,0.8136,0.7441,0.386,xgboost,0,52746,10.7
1000,26373,2.92,0.15,0.5115,0.5048,0.0258,0.4365,0.6561,0.6628,0.3356,0.5359,0.5185,0.76,0.8982,0.6684,0.6401,0.0,xgboost,1,1000,3.5
2695,26373,3.94,0.15,0.599,0.5852,0.0633,0.4505,0.728,0.6821,0.4029,0.5752,0.5537,0.7832,0.9059,0.734,0.6956,0.6143,xgboost,1,2695,4.4
7263,26373,5.45,0.15,0.614,0.6021,0.0494,0.4808,0.7406,0.6897,0.4605,0.5871,0.5727,0.8111,0.9259,0.7527,0.7067,0.5909,xgboost,1,7263,5.9
19572,26373,7.4,0.17,0.6422,0.6288,0.0265,0.5636,0.769,0.6997,0.5048,0.6166,0.6063,0.8188,0.9243,0.7838,0.7261,0.6667,xgboost,1,19572,7.9
52746,26373,9.61,0.18,0.6627,0.6469,0.0741,0.5837,0.7828,0.7115,0.5479,0.6287,0.6208,0.832,0.9304,0.7969,0.7367,0.7075,xgboost,1,52746,10.1
1000,26373,2.78,0.14,0.5301,0.5156,0.05,0.3943,0.68,0.6588,0.3167,0.5789,0.5064,0.7548,0.8886,0.7347,0.6905,0.1081,xgboost,2,1000,3.2
2695,26373,3.87,0.15,0.5767,0.5629,0.0635,0.3444,0.7056,0.6718,0.3735,0.6156,0.5556,0.7746,0.9082,0.7595,0.7166,0.4314,xgboost,2,2695,4.3
7263,26373,5.47,0.18,0.6032,0.5943,0.0348,0.4101,0.7342,0.6907,0.4266,0.6332,0.5838,0.8142,0.9208,0.7852,0.7385,0.4667,xgboost,2,7263,5.9
19572,26373,7.5,0.17,0.6354,0.6261,0.0364,0.486,0.7562,0.7005,0.4648,0.6481,0.6164,0.8246,0.9248,0.8074,0.747,0.6129,xgboost,2,19572,8.0
52746,26373,9.69,0.2,0.6529,0.6477,0.055,0.5407,0.7617,0.7125,0.4847,0.6575,0.6335,0.8274,0.9275,0.8138,0.7531,0.6667,xgboost,2,52746,10.1
1000,26373,3.1,0.04,0.5365,0.5302,0.0,0.4512,0.6988,0.6583,0.3719,0.5822,0.5173,0.7735,0.9099,0.7348,0.6925,0.0476,catboost,0,1000,3.6
2695,26373,3.48,0.04,0.5661,0.5591,0.0,0.462,0.7115,0.6792,0.4464,0.6057,0.5436,0.7995,0.9187,0.7665,0.724,0.1364,catboost,0,2695,3.7
7263,26373,3.51,0.04,0.6077,0.5938,0.0163,0.522,0.726,0.6991,0.4863,0.627,0.5713,0.808,0.9179,0.7766,0.7271,0.4151,catboost,0,7263,3.8
19572,26373,4.26,0.04,0.629,0.6137,0.0615,0.5627,0.7489,0.7014,0.5187,0.633,0.595,0.8198,0.9255,0.7997,0.7331,0.4483,catboost,0,19572,4.5
52746,26373,4.59,0.03,0.6427,0.6279,0.0571,0.5758,0.7539,0.7079,0.5255,0.6498,0.6089,0.8321,0.932,0.8055,0.7393,0.5246,catboost,0,52746,4.8
1000,26373,3.66,0.04,0.5194,0.5096,0.0,0.4592,0.6844,0.6605,0.353,0.5455,0.5269,0.7559,0.894,0.7013,0.6526,0.0,catboost,1,1000,3.9
2695,26373,3.34,0.04,0.5884,0.5685,0.0,0.4911,0.7378,0.6888,0.4283,0.5851,0.5468,0.7726,0.8972,0.7382,0.7012,0.4737,catboost,1,2695,3.6
7263,26373,3.5,0.03,0.6138,0.6018,0.0272,0.4919,0.7546,0.6905,0.4552,0.595,0.5683,0.7947,0.9095,0.7548,0.7182,0.6061,catboost,1,7263,3.8
19572,26373,3.61,0.04,0.639,0.6258,0.0268,0.5577,0.7714,0.6975,0.5123,0.617,0.5967,0.8046,0.9157,0.7669,0.7301,0.6715,catboost,1,19572,3.9
52746,26373,4.15,0.04,0.6576,0.6442,0.0838,0.5887,0.7825,0.7139,0.5361,0.621,0.6174,0.8103,0.9181,0.7838,0.7369,0.6986,catboost,1,52746,4.4
1000,26373,3.25,0.04,0.5281,0.5132,0.0,0.3279,0.7008,0.6645,0.2992,0.5966,0.5196,0.768,0.8926,0.7433,0.7077,0.1176,catboost,2,1000,3.5
2695,26373,3.59,0.03,0.5804,0.5606,0.0526,0.4333,0.7154,0.6744,0.3765,0.6268,0.5737,0.7776,0.9034,0.7649,0.7244,0.3415,catboost,2,2695,3.8
7263,26373,4.0,0.03,0.6187,0.5982,0.0556,0.4646,0.7419,0.6837,0.4376,0.6423,0.5933,0.8016,0.9123,0.7854,0.7462,0.56,catboost,2,7263,4.3
19572,26373,4.11,0.04,0.6387,0.6256,0.0,0.5076,0.7513,0.6991,0.4597,0.6531,0.6195,0.8106,0.9184,0.8068,0.7471,0.6909,catboost,2,19572,4.4
52746,26373,4.53,0.04,0.6543,0.6542,0.0566,0.5329,0.7607,0.7147,0.4755,0.6693,0.6346,0.8241,0.9252,0.8151,0.7568,0.6857,catboost,2,52746,4.7
1000,5000,1.09,6.53,0.6062,0.5981,0.0,0.5625,0.7605,0.6848,0.4661,0.618,0.5884,0.801,0.9218,0.7936,0.7448,0.3333,tabicl,0,1000,8.3
5000,5000,1.18,13.44,0.6549,0.6442,0.0,0.6364,0.7783,0.7069,0.4756,0.6455,0.6152,0.8308,0.9348,0.8208,0.7474,0.6667,tabicl,0,5000,14.9
5000,5000,1.17,13.8,0.6635,0.6493,0.0714,0.6744,0.7743,0.7039,0.4811,0.6405,0.6036,0.8329,0.9359,0.824,0.7533,0.6667,tabicl,0,52746,15.2
1000,5000,0.96,6.07,0.6116,0.5938,0.0,0.6076,0.7341,0.7016,0.4155,0.5833,0.5766,0.7991,0.9188,0.7705,0.7063,0.5263,tabicl,1,1000,7.3
5000,5000,1.21,13.78,0.6608,0.6571,0.0,0.6047,0.766,0.7245,0.5179,0.6128,0.615,0.8179,0.9239,0.8212,0.7255,0.8,tabicl,1,5000,15.2
5000,5000,1.14,14.01,0.5912,0.5888,0.0,0.5676,0.7791,0.721,0.4946,0.6229,0.6267,0.8161,0.9268,0.8157,0.7235,0.0,tabicl,1,52746,15.4
1000,5000,0.98,6.16,0.6243,0.611,0.0,0.4262,0.7572,0.6912,0.4108,0.6602,0.5244,0.8019,0.9129,0.819,0.7825,0.7059,tabicl,2,1000,7.4
5000,5000,1.18,14.07,0.6602,0.6423,0.0,0.4928,0.7876,0.7144,0.5112,0.6848,0.626,0.8324,0.9377,0.8269,0.7941,0.7143,tabicl,2,5000,15.6
5000,5000,1.3,13.97,0.6556,0.6505,0.0,0.4545,0.7955,0.7152,0.4915,0.6757,0.6041,0.8237,0.9301,0.8181,0.7815,0.7778,tabicl,2,52746,15.6
