design,n,method,cls,truth,bias,rmse,coverage,width,reps
srs,300,classical,2,0.1908141589406603,0.0011858410593396929,0.009869458901987278,1.0,0.08909604257491067,5
srs,300,classical,3,0.020577316312957852,-0.0019106496462911848,0.006470919895431781,1.0,0.030157374727778317,5
srs,300,classical,4,0.20052212582636836,0.010811207506964977,0.022400247691656106,1.0,0.09223048156789267,5
srs,300,classical,5,0.011832205038613488,0.0015011282947198462,0.008565307774290404,0.6,0.024182278206379134,5
srs,300,classical,6,0.1948343292767664,0.007165670723233608,0.020127707636280516,1.0,0.09071010662514967,5
srs,300,classical,7,0.016596851362887376,-0.0072635180295540416,0.008503778555513554,0.6,0.02109422200251735,5
srs,300,classical,8,0.3328800301760934,-0.008213363509426742,0.022088544193369267,1.0,0.10585899395526868,5
srs,300,classical,10,0.0074149808421512375,-0.0007483141754845704,0.003073900290204619,1.0,0.017908564904326074,5
srs,300,classical,12,0.016596851362887376,-0.0012635180295540419,0.006310206021456855,1.0,0.02728576988173732,5
srs,300,classical,13,0.007931150860614243,-0.0012644841939475756,0.0024583255929977407,1.0,0.018162791916810795,5
srs,300,map_count,2,0.1908141589406603,0.001181235234559569,0.001181235234559569,,,5
srs,300,map_count,3,0.020577316312957852,0.0029779039526711786,0.0029779039526711786,,,5
srs,300,map_count,4,0.20052212582636836,-0.027972444462091295,0.027972444462091295,,,5
srs,300,map_count,5,0.011832205038613488,0.018453078160052414,0.018453078160052414,,,5
srs,300,map_count,6,0.1948343292767664,-0.03718409402235412,0.03718409402235412,,,5
srs,300,map_count,7,0.016596851362887376,0.04642552262214369,0.04642552262214369,,,5
srs,300,map_count,8,0.3328800301760934,-0.0010124873439082416,0.0010124873439082416,,,5
srs,300,map_count,10,0.0074149808421512375,0.00646205157729646,0.0064620515772964605,,,5
srs,300,map_count,12,0.016596851362887376,-0.0013996148577554539,0.0013996148577554539,,,5
srs,300,map_count,13,0.007931150860614243,-0.007931150860614243,0.007931150860614243,,,5
srs,300,olofsson,2,0.1908141589406603,0.004554543488727153,0.01063534767770266,1.0,0.0458972054903653,5
srs,300,olofsson,3,0.020577316312957852,0.0012769890271329583,0.004004681481572845,0.8,0.02116512552443405,5
srs,300,olofsson,4,0.20052212582636836,0.004137929929656653,0.010956076327571396,1.0,0.05535642618923041,5
srs,300,olofsson,5,0.011832205038613488,-0.0018255971427935448,0.005425509840740255,0.6,0.01775556026673857,5
srs,300,olofsson,6,0.1948343292767664,0.0003079823134932602,0.007417732866460889,1.0,0.06196107938907854,5
srs,300,olofsson,7,0.016596851362887376,-0.005401932021666093,0.007299499749327379,0.8,0.023940102077073096,5
srs,300,olofsson,8,0.3328800301760934,0.0018022306896234852,0.005895537556184169,1.0,0.02163351256789996,5
srs,300,olofsson,10,0.0074149808421512375,-0.001079851140898172,0.0029482312696244004,1.0,0.01540798437907103,5
srs,300,olofsson,12,0.016596851362887376,-0.002363823767583281,0.002842559700527678,0.6,0.014976782313262183,5
srs,300,olofsson,13,0.007931150860614243,-0.001408471375692462,0.0026893332510493635,1.0,0.015146352642184963,5
srs,300,ppi_hard,2,0.1908141589406603,0.004524510805727333,0.012053555050260597,1.0,0.04684853008849289,5
srs,300,ppi_hard,3,0.020577316312957852,0.0023238472109332145,0.005007841808027421,0.8,0.01899907944775689,5
srs,300,ppi_hard,4,0.20052212582636836,0.0013326626751217264,0.011328079656363106,1.0,0.05992330814175133,5
srs,300,ppi_hard,5,0.011832205038613488,-0.00489931507890208,0.005337440429828722,1.0,0.037741838381726546,5
srs,300,ppi_hard,6,0.1948343292767664,-0.0038836645481999887,0.010833923029247967,1.0,0.06820702635621594,5
srs,300,ppi_hard,7,0.016596851362887376,0.0024544618327877353,0.010517736135968878,1.0,0.0468202819409701,5
srs,300,ppi_hard,8,0.3328800301760934,0.002352309548988407,0.0060394419071028455,1.0,0.02287301191689961,5
srs,300,ppi_hard,10,0.0074149808421512375,-0.0015403069009712529,0.003082150140643159,1.0,0.021766644083672064,5
srs,300,ppi_hard,12,0.016596851362887376,-0.0014000213515375428,0.0025360272426962586,0.6,0.013380979240718571,5
srs,300,ppi_hard,13,0.007931150860614243,-0.0012644841939475763,0.0024583255929977415,1.0,0.018162791916810795,5
srs,300,ppi_soft,2,0.1908141589406603,0.0004953269875209776,0.00927743031740923,1.0,0.044805775997799814,5
srs,300,ppi_soft,3,0.020577316312957852,0.0005291571620068755,0.003130936295466954,1.0,0.016581255587430913,5
srs,300,ppi_soft,4,0.20052212582636836,0.002461827133211608,0.0075058072116542425,1.0,0.052562384010795646,5
srs,300,ppi_soft,5,0.011832205038613488,-0.003765265130706816,0.0041794868212913765,1.0,0.025560163398925632,5
srs,300,ppi_soft,6,0.1948343292767664,0.0032912200764161183,0.012163627154464776,1.0,0.06128315294228629,5
srs,300,ppi_soft,7,0.016596851362887376,-0.0021461044691891773,0.006326358738157024,1.0,0.03285484780021728,5
srs,300,ppi_soft,8,0.3328800301760934,0.0032388508012335506,0.004769221066007825,1.0,0.021466796584437463,5
srs,300,ppi_soft,10,0.0074149808421512375,-0.0012715659586881966,0.003115637765064803,1.0,0.016718085155376615,5
srs,300,ppi_soft,12,0.016596851362887376,-0.0015688691855569447,0.0016777667789522233,1.0,0.0147450123798853,5
srs,300,ppi_soft,13,0.007931150860614243,-0.0012644841939475763,0.0024583255929977415,1.0,0.018162791916810795,5
srs,300,ppipp_soft,2,0.1908141589406603,0.00048311084352675173,0.009275792607661242,1.0,0.04481366848896621,5
srs,300,ppipp_soft,3,0.020577316312957852,-0.002163097187528781,0.0036168466778197686,1.0,0.017832705369591684,5
srs,300,ppipp_soft,4,0.20052212582636836,0.002417489803480927,0.007531688641179246,1.0,0.0525920242963153,5
srs,300,ppipp_soft,5,0.011832205038613488,-0.00452688927934354,0.005587701727367516,0.6,0.021037606085812306,5
srs,300,ppipp_soft,6,0.1948343292767664,0.0032912200764161183,0.012163627154464776,1.0,0.06128315294228629,5
srs,300,ppipp_soft,7,0.016596851362887376,-0.006219214549693319,0.00759158159840018,0.6,0.019290343396057848,5
srs,300,ppipp_soft,8,0.3328800301760934,0.0026622361286688045,0.004140448781267666,1.0,0.021706131324678534,5
srs,300,ppipp_soft,10,0.0074149808421512375,-0.0017257228153054083,0.003274850274026818,1.0,0.014003283592943006,5
srs,300,ppipp_soft,12,0.016596851362887376,-0.0027789344152055985,0.0033771820040663135,1.0,0.01458884830326308,5
srs,300,ppipp_soft,13,0.007931150860614243,-0.0012644841939475763,0.0024583255929977415,1.0,0.018162791916810795,5
srs,300,stratppi,2,0.1908141589406603,0.0030562725144899884,0.008679328902238511,1.0,0.04315202575186268,5
srs,300,stratppi,3,0.020577316312957852,0.0015171147151776358,0.004285415307653499,0.8,0.019356850598208363,5
srs,300,stratppi,4,0.20052212582636836,0.0021374835556330074,0.007652928628720345,1.0,0.04975624938120139,5
srs,300,stratppi,5,0.011832205038613488,-0.001991756553098709,0.004395037912378831,0.8,0.015915876233666283,5
srs,300,stratppi,6,0.1948343292767664,0.0007793951610944372,0.006952951938327492,1.0,0.05776304126320333,5
srs,300,stratppi,7,0.016596851362887376,-0.00532868161951443,0.0068655591620189705,0.8,0.021913940316736956,5
srs,300,stratppi,8,0.3328800301760934,0.0030169847913929073,0.005424763086607576,1.0,0.018219625263946094,5
srs,300,stratppi,10,0.0074149808421512375,-0.001627193887855496,0.0033133882937331715,1.0,0.012995487632671766,5
srs,300,stratppi,12,0.016596851362887376,-0.0029047010119220536,0.003514918502174972,0.6,0.013929333696767349,5
srs,300,stratppi,13,0.007931150860614243,-0.001408471375692462,0.0026893332510493635,1.0,0.015146352642184963,5
srs,300,xppi_aef,2,0.1908141589406603,0.0007408529758132498,0.009211731277238705,1.0,0.05790285644829704,2
srs,300,xppi_aef,3,0.020577316312957852,-0.005418719653846623,0.00543096533665134,1.0,0.02109587622667946,2
srs,300,xppi_aef,4,0.20052212582636836,-0.00029137077885903195,0.0020731413995120486,1.0,0.0500938013207011,2
srs,300,xppi_aef,5,0.011832205038613488,-0.0012155334731280805,0.007466948593361184,0.5,0.023140903435131442,2
srs,300,xppi_aef,6,0.1948343292767664,0.013296439224613113,0.013871952324139637,1.0,0.0707271225758398,2
srs,300,xppi_aef,7,0.016596851362887376,-0.0034015939594111656,0.003595794631246048,1.0,0.026125826153670175,2
srs,300,xppi_aef,8,0.3328800301760934,0.0009526515024424476,0.00524689024984452,1.0,0.02608266464728609,2
srs,300,xppi_aef,10,0.0074149808421512375,-0.0007997585552138387,0.0028374038899251415,1.0,0.017464663030341398,2
srs,300,xppi_aef,12,0.016596851362887376,-0.004420351836768722,0.004425764541569321,1.0,0.01913564737431074,2
srs,300,xppi_aef,13,0.007931150860614243,0.0005573845543585974,0.002830366299807712,1.0,0.019665974970110852,2
srs,300,xppi_pcal,2,0.1908141589406603,-0.004776759650239271,0.005306515845993405,1.0,0.05502744562498291,2
srs,300,xppi_pcal,3,0.020577316312957852,0.0015383175572163833,0.005147712676433879,1.0,0.02029863593989243,2
srs,300,xppi_pcal,4,0.20052212582636836,0.009769034549346967,0.010374766152081525,1.0,0.04403662013683893,2
srs,300,xppi_pcal,5,0.011832205038613488,-0.005148151633224169,0.005790093694343262,0.5,0.021363511971834837,2
srs,300,xppi_pcal,6,0.1948343292767664,0.00581441853269106,0.006288146207968716,1.0,0.06618578397482966,2
srs,300,xppi_pcal,7,0.016596851362887376,-0.0026547446298576484,0.0029645568713423196,1.0,0.021617579344018964,2
srs,300,xppi_pcal,8,0.3328800301760934,0.0009129609999870281,0.001755190088106625,1.0,0.01968919045992551,2
srs,300,xppi_pcal,10,0.0074149808421512375,-0.002672099557376267,0.0027006578846679955,1.0,0.01828767325001002,2
srs,300,xppi_pcal,12,0.016596851362887376,-0.0027708988896447346,0.003895667233804806,1.0,0.018093914638967826,2
srs,300,xppi_pcal,13,0.007931150860614243,-1.207727889937938e-05,0.0027221324676361494,1.0,0.016958839853886375,2
strat,300,olofsson,2,0.1908141589406603,-0.005794828298736959,0.0070709498005030805,1.0,0.04978905773725696,5
strat,300,olofsson,3,0.020577316312957852,-0.0008083354840417451,0.002131518577975413,1.0,0.009831721251604673,5
strat,300,olofsson,4,0.20052212582636836,-0.0035344211201114805,0.009552194128712293,1.0,0.04359283703383597,5
strat,300,olofsson,5,0.011832205038613488,0.0002813788357057305,0.0006897075914994765,1.0,0.011985993808405818,5
strat,300,olofsson,6,0.1948343292767664,0.0046764028258927835,0.011283151040716376,1.0,0.057547513594881264,5
strat,300,olofsson,7,0.016596851362887376,-0.00123827863916407,0.0022090788722185914,1.0,0.019541705012235962,5
strat,300,olofsson,8,0.3328800301760934,0.0015537181543389678,0.004875994666841786,1.0,0.015779470690120645,5
strat,300,olofsson,10,0.0074149808421512375,0.001017454741139891,0.0013564665964737074,1.0,0.009628640252461846,5
strat,300,olofsson,12,0.016596851362887376,0.0011819764017655672,0.0026254384465010006,0.8,0.015329077088052076,5
strat,300,olofsson,13,0.007931150860614243,0.002664932583211295,0.004229518418568516,1.0,0.01489871661428217,5
strat,300,stratppi,2,0.1908141589406603,-0.006522056894041101,0.009056171018097959,1.0,0.046061626027278965,5
strat,300,stratppi,3,0.020577316312957852,-0.0013921883328421847,0.0023640382232521205,1.0,0.008432676549872056,5
strat,300,stratppi,4,0.20052212582636836,-0.0028485237801731344,0.009173343949170019,1.0,0.03900931334130795,5
strat,300,stratppi,5,0.011832205038613488,-0.00012009018896156701,0.0007061512839712349,1.0,0.010894127283752377,5
strat,300,stratppi,6,0.1948343292767664,0.001919741046729434,0.010335849516820745,1.0,0.05285775920838272,5
strat,300,stratppi,7,0.016596851362887376,-0.0011896768393969762,0.0028633422567964292,1.0,0.018226430497630265,5
strat,300,stratppi,8,0.3328800301760934,0.001557704075472377,0.004682399093632468,1.0,0.01222594266957966,5
strat,300,stratppi,10,0.0074149808421512375,0.0008829451161143128,0.0011772204138242857,1.0,0.008732441390361112,5
strat,300,stratppi,12,0.016596851362887376,0.0011247454364673505,0.0025998843416582627,0.8,0.014393328369356629,5
strat,300,stratppi,13,0.007931150860614243,0.002664932583211295,0.004229518418568516,1.0,0.01489871661428217,5
